,name
0,lec0
1,lec1
2,lec2
3,lec3
4,lec4
5,lec5
6,lec6
7,lec7
8,lec8
9,lec9
10,lec10
11,lec11
12,lec12
13,lec13
14,lec14
15,lec15
16,lec16
17,lec17
18,lec18
19,lec19
20,lec20
21,lec21
22,lec22
23,lec23
24,lec24
25,lec25
26,lec26
27,lec27
28,lec28
29,lec29
30,lec30
31,lec31
32,lec32
33,lec33
34,lec34
35,lec35
36,lec36
37,lec37
38,lec38
39,lec39
40,lec40
41,lec41
42,lec42
43,lec43
44,lec44
45,lec45
46,lec46
47,lec47
48,lec48
49,lec49
50,lec50
51,lec51
52,lec52
53,lec53
54,lec54
55,lec55
56,lec56
57,lec57
58,lec58
59,lec59
60,lec60
61,lec61
62,lec62
63,lec63
64,lec64
65,lec65
